CountryName,CountryCode,Year,Total Population,Urban population (% of total)
Arab World,ARB,1960,92495902,31.28538421
Caribbean small states,CSS,1960,4190810,31.59748985
Central Europe and the Baltics,CEB,1960,91401583,44.50792114
East Asia & Pacific (all income levels),EAS,1960,1042475394,22.4711322
East Asia & Pacific (developing only),EAP,1960,896492991,16.91767885
Euro area,EMU,1960,265396501,62.0969469
Europe & Central Asia (all income levels),ECS,1960,667489033,55.37897745
Europe & Central Asia (developing only),ECA,1960,155317369,38.06612869
European Union,EUU,1960,409498462,61.21289776
Fragile and conflict affected situations,FCS,1960,120354582,17.89197225
Heavily indebted poor countries (HIPC),HPC,1960,162491185,12.2360458
High income,HIC,1960,907597507,62.68033182
High income: nonOECD,NOC,1960,186676748,56.10786348
High income: OECD,OEC,1960,720920759,64.28543452
Latin America & Caribbean (all income levels),LCN,1960,220564224,49.28468839
Latin America & Caribbean (developing only),LAC,1960,177682238,44.86330817
Least developed countries: UN classification,LDC,1960,241072814,9.616261212
Low & middle income,LMY,1960,2127373057,21.27289388
Low income,LIC,1960,157188433,11.49839625
Lower middle income,LMC,1960,942911642,19.81051335
Middle East & North Africa (all income levels),MEA,1960,105512645,34.95133397
Middle East & North Africa (developing only),MNA,1960,97869415,33.87501161
Middle income,MIC,1960,1970184624,22.05311357
North America,NAC,1960,198624409,69.91840256
OECD members,OED,1960,786648153,62.48091537
Other small states,OSS,1960,6590560,14.33784364
Pacific island small states,PSS,1960,861378,22.04376178
Small states,SST,1960,11642748,21.12057279
South Asia,SAS,1960,572036107,16.73554548
Sub-Saharan Africa (all income levels),SSF,1960,228268752,14.63138673
Sub-Saharan Africa (developing only),SSA,1960,227974937,14.61694083
Upper middle income,UMC,1960,1027272982,24.10948044
World,WLD,1960,3034970564,33.55760812
Afghanistan,AFG,1960,8994793,8.221
Albania,ALB,1960,1608800,30.705
Algeria,DZA,1960,11124892,30.51
American Samoa,ASM,1960,20012,66.211
Andorra,ADO,1960,13414,58.45
Angola,AGO,1960,5270844,10.435
Antigua and Barbuda,ATG,1960,54681,39.656
Argentina,ARG,1960,20619075,73.611
Armenia,ARM,1960,1867396,51.275
Aruba,ABW,1960,54208,50.776
Australia,AUS,1960,10276477,81.529
Austria,AUT,1960,7047539,64.72
Azerbaijan,AZE,1960,3897889,52.663
"Bahamas, The",BHS,1960,109526,59.712
Bahrain,BHR,1960,162501,82.32
Bangladesh,BGD,1960,48200702,5.135
Barbados,BRB,1960,230934,36.777
Belarus,BLR,1960,8198000,32.401
Belgium,BEL,1960,9153489,92.46
Belize,BLZ,1960,92068,54.028
Benin,BEN,1960,2431620,9.275
Bermuda,BMU,1960,44400,100
Bhutan,BTN,1960,224108,3.596
Bolivia,BOL,1960,3693451,36.762
Bosnia and Herzegovina,BIH,1960,3214520,19.04
Botswana,BWA,1960,524029,3.06
Brazil,BRA,1960,72493585,46.139
Brunei Darussalam,BRN,1960,81825,43.401
Bulgaria,BGR,1960,7867374,37.1
Burkina Faso,BFA,1960,4829291,4.7
Burundi,BDI,1960,2786740,2.077
Cabo Verde,CPV,1960,202316,16.679
Cambodia,KHM,1960,5722370,10.285
Cameroon,CMR,1960,5361367,13.937
Canada,CAN,1960,17909009,69.061
Cayman Islands,CYM,1960,7867,100
Central African Republic,CAF,1960,1503501,20.1
Chad,TCD,1960,3002596,6.695
Channel Islands,CHI,1960,109419,38.7
Chile,CHL,1960,7695692,67.836
China,CHN,1960,667070000,16.203
Colombia,COL,1960,16480384,45.033
Comoros,COM,1960,188732,12.551
"Congo, Dem. Rep.",ZAR,1960,15248246,22.3
"Congo, Rep.",COG,1960,1013581,31.601
Costa Rica,CRI,1960,1333042,34.254
Cote d'Ivoire,CIV,1960,3474724,17.679
Croatia,HRV,1960,4140000,30.154
Cuba,CUB,1960,7141129,58.401
Curacao,CUW,1960,124826,74.71
Cyprus,CYP,1960,572929,35.628
Czech Republic,CZE,1960,9602006,59.548
Denmark,DNK,1960,4579603,73.687
Djibouti,DJI,1960,83636,50.325
Dominica,DMA,1960,60016,37.846
Dominican Republic,DOM,1960,3294039,30.229
Ecuador,ECU,1960,4545548,33.878
"Egypt, Arab Rep.",EGY,1960,27072397,37.864
El Salvador,SLV,1960,2762897,38.345
Equatorial Guinea,GNQ,1960,252115,25.537
Eritrea,ERI,1960,1407631,9.751
Estonia,EST,1960,1211537,57.533
Ethiopia,ETH,1960,22151218,6.433
Faeroe Islands,FRO,1960,34266,21.383
Fiji,FJI,1960,393383,29.681
Finland,FIN,1960,4429634,55.29
France,FRA,1960,46814237,61.88
French Polynesia,PYF,1960,78083,42.281
Gabon,GAB,1960,499189,17.398
"Gambia, The",GMB,1960,367929,12.129
Georgia,GEO,1960,3645600,43.069
Germany,DEU,1960,72814900,71.384
Ghana,GHA,1960,6652285,23.252
Greece,GRC,1960,8331725,55.936
Greenland,GRL,1960,32500,58.534
Grenada,GRD,1960,89861,30.332
Guam,GUM,1960,66741,50.147
Guatemala,GTM,1960,4127555,31.121
Guinea,GIN,1960,3577413,10.472
Guinea-Bissau,GNB,1960,616407,13.6
Guyana,GUY,1960,564222,29.009
Haiti,HTI,1960,3866160,15.593
Honduras,HND,1960,2002333,22.747
"Hong Kong SAR, China",HKG,1960,3075605,85.2
Hungary,HUN,1960,9983967,55.911
Iceland,ISL,1960,175574,80.3
India,IND,1960,449661874,17.924
Indonesia,IDN,1960,87792512,14.586
"Iran, Islamic Rep.",IRN,1960,21906905,33.735
Iraq,IRQ,1960,7289759,42.899
Ireland,IRL,1960,2828600,45.822
Isle of Man,IMY,1960,48441,55.123
Israel,ISR,1960,2114020,76.848
Italy,ITA,1960,50199700,59.361
Jamaica,JAM,1960,1629003,33.769
Japan,JPN,1960,92500572,63.272
Jordan,JOR,1960,844000,50.879
Kazakhstan,KAZ,1960,9714260,44.198
Kenya,KEN,1960,8105440,7.362
Kiribati,KIR,1960,41234,16.29
"Korea, Dem. Rep.",PRK,1960,11424179,40.195
"Korea, Rep.",KOR,1960,25012374,27.71
Kuwait,KWT,1960,261962,74.893
Kyrgyz Republic,KGZ,1960,2172300,34.181
Lao PDR,LAO,1960,2119944,7.946
Latvia,LVA,1960,2120979,52.867
Lebanon,LBN,1960,1804927,42.343
Lesotho,LSO,1960,851412,3.512
Liberia,LBR,1960,1120314,18.632
Libya,LBY,1960,1434576,27.323
Liechtenstein,LIE,1960,16504,20.437
Lithuania,LTU,1960,2778550,39.46
Luxembourg,LUX,1960,313970,69.556
"Macao SAR, China",MAC,1960,171456,95.289
"Macedonia, FYR",MKD,1960,1488664,34.02
Madagascar,MDG,1960,5099371,10.642
Malawi,MWI,1960,3618604,4.39
Malaysia,MYS,1960,8160975,26.598
Maldives,MDV,1960,89875,11.173
Mali,MLI,1960,5263730,11.066
Malta,MLT,1960,326550,90.129
Marshall Islands,MHL,1960,14665,35.584
Mauritania,MRT,1960,858170,6.88
Mauritius,MUS,1960,659351,33.177
Mexico,MEX,1960,38174114,50.753
"Micronesia, Fed. Sts.",FSM,1960,44539,22.312
Moldova,MDA,1960,2544000,23.424
Monaco,MCO,1960,22454,100
Mongolia,MNG,1960,955514,35.679
Montenegro,MNE,1960,474203,18.788
Morocco,MAR,1960,12328534,29.357
Mozambique,MOZ,1960,7493278,4.769
Myanmar,MMR,1960,21486424,19.226
Namibia,NAM,1960,602545,17.909
Nepal,NPL,1960,10056945,3.48
Netherlands,NLD,1960,11486631,59.752
New Caledonia,NCL,1960,79000,37.36
New Zealand,NZL,1960,2371800,75.998
Nicaragua,NIC,1960,1774696,39.581
Niger,NER,1960,3395212,5.793
Nigeria,NGA,1960,45211614,15.41
Northern Mariana Islands,MNP,1960,10070,51.219
Norway,NOR,1960,3581239,49.92
Oman,OMN,1960,551737,16.4
Pakistan,PAK,1960,44911810,22.104
Palau,PLW,1960,9638,56.823
Panama,PAN,1960,1132924,41.249
Papua New Guinea,PNG,1960,1966957,3.725
Paraguay,PRY,1960,1902871,35.569
Peru,PER,1960,10061519,46.811
Philippines,PHL,1960,26273023,30.297
Poland,POL,1960,29637450,47.892
Portugal,PRT,1960,8857716,34.955
Puerto Rico,PRI,1960,2358000,44.547
Qatar,QAT,1960,47309,85.275
Romania,ROM,1960,18406905,34.209
Russian Federation,RUS,1960,119897000,53.731
Rwanda,RWA,1960,2933424,2.6
Samoa,WSM,1960,108645,18.926
San Marino,SMR,1960,15393,48.9
Sao Tome and Principe,STP,1960,64255,16.073
Saudi Arabia,SAU,1960,4086539,31.25
Senegal,SEN,1960,3177560,23
Seychelles,SYC,1960,41700,27.673
Sierra Leone,SLE,1960,2181701,17.352
Singapore,SGP,1960,1646400,100
Slovak Republic,SVK,1960,4068095,33.464
Slovenia,SVN,1960,1584720,28.204
Solomon Islands,SLB,1960,117869,5.768
Somalia,SOM,1960,2756380,17.312
South Africa,ZAF,1960,17396000,46.619
South Sudan,SSD,1960,2955044,8.748
Spain,ESP,1960,30455000,56.567
Sri Lanka,LKA,1960,9896000,16.431
St. Kitts and Nevis,KNA,1960,51197,27.644
St. Lucia,LCA,1960,89901,21.46
St. Vincent and the Grenadines,VCT,1960,80948,25.943
Sudan,SDN,1960,7527450,10.746
Suriname,SUR,1960,289972,47.26
Swaziland,SWZ,1960,349233,3.913
Sweden,SWE,1960,7484656,72.49
Switzerland,CHE,1960,5327827,51.019
Syrian Arab Republic,SYR,1960,4592777,36.807
Tajikistan,TJK,1960,2064035,33.168
Tanzania,TZA,1960,10074490,5.246
Thailand,THA,1960,27397178,19.672
Timor-Leste,TMP,1960,499525,10.091
Togo,TGO,1960,1580513,10.098
Tonga,TON,1960,61600,17.552
Trinidad and Tobago,TTO,1960,848481,17.349
Tunisia,TUN,1960,4220701,37.511
Turkey,TUR,1960,27553280,31.515
Turkmenistan,TKM,1960,1593501,46.412
Turks and Caicos Islands,TCA,1960,5724,47.679
Tuvalu,TUV,1960,6104,15.895
Uganda,UGA,1960,6788211,4.417
Ukraine,UKR,1960,42662150,46.792
United Arab Emirates,ARE,1960,92612,73.5
United Kingdom,GBR,1960,52400000,78.444
United States,USA,1960,180671000,69.996
Uruguay,URY,1960,2538651,80.241
Uzbekistan,UZB,1960,8789492,33.978
Vanuatu,VUT,1960,63701,10.404
"Venezuela, RB",VEN,1960,8146845,61.613
Vietnam,VNM,1960,34743000,14.7
Virgin Islands (U.S.),VIR,1960,32000,56.477
"Yemen, Rep.",YEM,1960,5166311,9.1
Zambia,ZMB,1960,3049586,18.145
Zimbabwe,ZWE,1960,3752390,12.608
Arab World,ARB,1961,95041593,32.02907571
Caribbean small states,CSS,1961,4270928,31.81902661
Central Europe and the Baltics,CEB,1961,92237118,45.20666532
East Asia & Pacific (all income levels),EAS,1961,1045789318,23.1221808
East Asia & Pacific (developing only),EAP,1961,895784704,17.39094091
Euro area,EMU,1961,267825309,62.57528534
Europe & Central Asia (all income levels),ECS,1961,675181708,55.91503921
Europe & Central Asia (developing only),ECA,1961,158242146,38.75979753
European Union,EUU,1961,413007006,61.67360739
Fragile and conflict affected situations,FCS,1961,123125186,18.38991595
Heavily indebted poor countries (HIPC),HPC,1961,166337526,12.58314258
High income,HIC,1961,920970907,63.24701294
High income: nonOECD,NOC,1961,189656817,56.97676948
High income: OECD,OEC,1961,731314090,64.77858247
Latin America & Caribbean (all income levels),LCN,1961,226764342,50.0734541
Latin America & Caribbean (developing only),LAC,1961,182952027,45.6999419
Least developed countries: UN classification,LDC,1961,246733124,9.862259113
Low & middle income,LMY,1961,2155067832,21.74952408
Low income,LIC,1961,160642778,11.7795235
Lower middle income,LMC,1961,964242763,20.04260976
Middle East & North Africa (all income levels),MEA,1961,108392645,35.70806725
Middle East & North Africa (developing only),MNA,1961,100483718,34.5954743
Middle income,MIC,1961,1994425054,22.55295598
North America,NAC,1961,202007500,70.31954524
OECD members,OED,1961,798937506,62.97235592
Other small states,OSS,1961,6721830,14.78552722
Pacific island small states,PSS,1961,889536,22.47388508
Small states,SST,1961,11882294,21.48355376
South Asia,SAS,1961,584143236,16.86698109
Sub-Saharan Africa (all income levels),SSF,1961,233759990,14.94758964
Sub-Saharan Africa (developing only),SSA,1961,233462001,14.93282596
Upper middle income,UMC,1961,1030182291,24.90026693
World,WLD,1961,3076038739,34.07323527
Afghanistan,AFG,1961,9164945,8.508
Albania,ALB,1961,1659800,30.943
Algeria,DZA,1961,11404859,31.797
American Samoa,ASM,1961,20478,66.641
Andorra,ADO,1961,14376,60.983
Angola,AGO,1961,5367287,10.798
Antigua and Barbuda,ATG,1961,55403,39.04
Argentina,ARG,1961,20953079,74.217
Armenia,ARM,1961,1934239,52.147
Aruba,ABW,1961,55435,50.761
Australia,AUS,1961,10483000,81.941
Austria,AUT,1961,7086299,64.814
Azerbaijan,AZE,1961,4030130,52.364
"Bahamas, The",BHS,1961,115108,60.454
Bahrain,BHR,1961,167924,82.337
Bangladesh,BGD,1961,49593610,5.278
Barbados,BRB,1961,231674,36.849
Belarus,BLR,1961,8271216,33.522
Belgium,BEL,1961,9183948,92.554
Belize,BLZ,1961,94701,53.72
Benin,BEN,1961,2466002,9.856
Bermuda,BMU,1961,45500,100
Bhutan,BTN,1961,229297,3.792
Bolivia,BOL,1961,3764815,37.059
Bosnia and Herzegovina,BIH,1961,3277096,19.686
Botswana,BWA,1961,536576,3.097
Brazil,BRA,1961,74706888,47.122
Brunei Darussalam,BRN,1961,85687,45.228
Bulgaria,BGR,1961,7943118,38.782
Burkina Faso,BFA,1961,4894578,4.796
Burundi,BDI,1961,2840375,2.115
Cabo Verde,CPV,1961,205958,16.948
Cambodia,KHM,1961,5872247,10.293
Cameroon,CMR,1961,5474509,14.488
Canada,CAN,1961,18271000,69.668
Cayman Islands,CYM,1961,8026,100
Central African Republic,CAF,1961,1529229,20.751
Chad,TCD,1961,3061423,6.962
Channel Islands,CHI,1961,110399,38.436
Chile,CHL,1961,7873504,68.66
China,CHN,1961,660330000,16.708
Colombia,COL,1961,16982313,46.327
Comoros,COM,1961,191828,13.348
"Congo, Dem. Rep.",ZAR,1961,15637715,22.523
"Congo, Rep.",COG,1961,1039966,32.318
Costa Rica,CRI,1961,1381920,34.329
Cote d'Ivoire,CIV,1961,3602075,18.911
Croatia,HRV,1961,4171672,31.04
Cuba,CUB,1961,7289828,58.588
Curacao,CUW,1961,126125,75.102
Cyprus,CYP,1961,576395,36.175
Czech Republic,CZE,1961,9586651,60.063
Denmark,DNK,1961,4611687,74.417
Djibouti,DJI,1961,88499,51.448
Dominica,DMA,1961,61035,37.912
Dominican Republic,DOM,1961,3406299,31.141
Ecuador,ECU,1961,4676858,34.466
"Egypt, Arab Rep.",EGY,1961,27810001,38.272
El Salvador,SLV,1961,2843246,38.516
Equatorial Guinea,GNQ,1961,255100,26.144
Eritrea,ERI,1961,1441297,10.059
Estonia,EST,1961,1225077,58.304
Ethiopia,ETH,1961,22671131,6.65
Faeroe Islands,FRO,1961,34730,22.141
Fiji,FJI,1961,407152,30.248
Finland,FIN,1961,4461005,56.321
France,FRA,1961,47444751,62.607
French Polynesia,PYF,1961,80706,43.217
Gabon,GAB,1961,504174,18.33
"Gambia, The",GMB,1961,376736,12.331
Georgia,GEO,1961,3703600,43.559
Germany,DEU,1961,73377632,71.697
Ghana,GHA,1961,6866545,23.797
Greece,GRC,1961,8398050,56.453
Greenland,GRL,1961,33700,59.806
Grenada,GRD,1961,91260,30.519
Guam,GUM,1961,68073,51.23
Guatemala,GTM,1961,4240084,31.768
Guinea,GIN,1961,3633778,10.936
Guinea-Bissau,GNB,1961,623413,13.747
Guyana,GUY,1961,582034,29.049
Haiti,HTI,1961,3943363,15.975
Honduras,HND,1961,2069085,23.318
"Hong Kong SAR, China",HKG,1961,3168100,85.293
Hungary,HUN,1961,10029321,56.335
Iceland,ISL,1961,179029,80.803
India,IND,1961,458691457,18.032
Indonesia,IDN,1961,90138235,14.821
"Iran, Islamic Rep.",IRN,1961,22480420,34.389
Iraq,IRQ,1961,7475354,44.432
Ireland,IRL,1961,2824400,46.24
Isle of Man,IMY,1961,48353,55.345
Israel,ISR,1961,2185000,77.985
Italy,ITA,1961,50536350,59.856
Jamaica,JAM,1961,1651915,34.5
Japan,JPN,1961,94943000,64.213
Jordan,JOR,1961,891451,52.412
Kazakhstan,KAZ,1961,10129861,44.746
Kenya,KEN,1961,8361442,7.565
Kiribati,KIR,1961,42261,16.918
"Korea, Dem. Rep.",PRK,1961,11665593,41.162
"Korea, Rep.",KOR,1961,25765673,28.531
Kuwait,KWT,1961,294639,75.787
Kyrgyz Republic,KGZ,1961,2255900,34.511
Lao PDR,LAO,1961,2169287,8.02
Latvia,LVA,1961,2152681,53.663
Lebanon,LBN,1961,1864605,44.039
Lesotho,LSO,1961,866253,3.96
Liberia,LBR,1961,1144896,19.291
Libya,LBY,1961,1483856,28.197
Liechtenstein,LIE,1961,16894,20.315
Lithuania,LTU,1961,2823550,40.443
Luxembourg,LUX,1961,316845,69.927
"Macao SAR, China",MAC,1961,175135,95.328
"Macedonia, FYR",MKD,1961,1507653,35.214
Madagascar,MDG,1961,5223621,10.971
Malawi,MWI,1961,3700032,4.489
Malaysia,MYS,1961,8429369,27.241
Maldives,MDV,1961,92327,11.23
Mali,MLI,1961,5322267,11.361
Malta,MLT,1961,325250,90.069
Marshall Islands,MHL,1961,15052,36.959
Mauritania,MRT,1961,883223,7.435
Mauritius,MUS,1961,680757,33.637
Mexico,MEX,1961,39394125,51.59
"Micronesia, Fed. Sts.",FSM,1961,45956,22.553
Moldova,MDA,1961,2605000,24.216
Monaco,MCO,1961,22812,100
Mongolia,MNG,1961,982180,37.682
Montenegro,MNE,1961,480359,19.502
Morocco,MAR,1961,12713043,29.849
Mozambique,MOZ,1961,7643290,4.949
Myanmar,MMR,1961,21961594,19.566
Namibia,NAM,1961,617282,18.334
Nepal,NPL,1961,10215153,3.571
Netherlands,NLD,1961,11638712,60.02
New Caledonia,NCL,1961,81200,38.781
New Zealand,NZL,1961,2419700,76.525
Nicaragua,NIC,1961,1830400,40.03
Niger,NER,1961,3493636,5.896
Nigeria,NGA,1961,46144154,15.633
Northern Mariana Islands,MNP,1961,10340,52.741
Norway,NOR,1961,3609800,50.998
Oman,OMN,1961,564895,17.475
Pakistan,PAK,1961,45988447,22.501
Palau,PLW,1961,9901,57.114
Panama,PAN,1961,1167041,41.853
Papua New Guinea,PNG,1961,2001048,4.024
Paraguay,PRY,1961,1953331,35.67
Peru,PER,1961,10350239,47.398
Philippines,PHL,1961,27164618,30.555
Poland,POL,1961,29964000,48.527
Portugal,PRT,1961,8929316,35.344
Puerto Rico,PRI,1961,2399722,45.933
Qatar,QAT,1961,51355,85.693
Romania,ROM,1961,18555250,34.894
Russian Federation,RUS,1961,121236000,54.626
Rwanda,RWA,1961,2996091,2.654
Samoa,WSM,1961,112121,18.986
San Marino,SMR,1961,15787,50.001
Sao Tome and Principe,STP,1961,64549,16.805
Saudi Arabia,SAU,1961,4218879,32.373
Senegal,SEN,1961,3265558,23.645
Seychelles,SYC,1961,42889,28.717
Sierra Leone,SLE,1961,2210169,17.903
Singapore,SGP,1961,1702400,100
Slovak Republic,SVK,1961,4191667,33.953
Slovenia,SVN,1961,1594131,29.107
Solomon Islands,SLB,1961,121403,6.038
Somalia,SOM,1961,2814683,17.835
South Africa,ZAF,1961,17949962,46.793
South Sudan,SSD,1961,3011112,8.737
Spain,ESP,1961,30739250,57.303
Sri Lanka,LKA,1961,10168000,16.592
St. Kitts and Nevis,KNA,1961,51195,28.269
St. Lucia,LCA,1961,90913,21.696
St. Vincent and the Grenadines,VCT,1961,82144,26.394
Sudan,SDN,1961,7749884,11.232
Suriname,SUR,1961,298190,47.297
Swaziland,SWZ,1961,357522,4.335
Sweden,SWE,1961,7519998,73.295
Switzerland,CHE,1961,5434294,51.671
Syrian Arab Republic,SYR,1961,4742596,37.399
Tajikistan,TJK,1961,2140413,33.56
Tanzania,TZA,1961,10373380,5.394
Thailand,THA,1961,28224208,19.781
Timor-Leste,TMP,1961,508311,10.243
Togo,TGO,1961,1597528,10.94
Tonga,TON,1961,63740,17.929
Trinidad and Tobago,TTO,1961,865356,16.712
Tunisia,TUN,1961,4277371,37.95
Turkey,TUR,1961,28229291,32.064
Turkmenistan,TKM,1961,1649914,46.557
Turks and Caicos Islands,TCA,1961,5760,48.021
Tuvalu,TUV,1961,6242,16.444
Uganda,UGA,1961,7006629,4.617
Ukraine,UKR,1961,43203635,47.542
United Arab Emirates,ARE,1961,100985,74.383
United Kingdom,GBR,1961,52800000,78.374
United States,USA,1961,183691000,70.377
Uruguay,URY,1961,2571691,80.462
Uzbekistan,UZB,1961,9044671,34.238
Vanuatu,VUT,1961,65708,10.583
"Venezuela, RB",VEN,1961,8461684,62.875
Vietnam,VNM,1961,35428000,15.031
Virgin Islands (U.S.),VIR,1961,34100,57.864
"Yemen, Rep.",YEM,1961,5251663,9.459
Zambia,ZMB,1961,3142848,18.951
Zimbabwe,ZWE,1961,3876638,12.821
Arab World,ARB,1962,97691498,32.78032272
Caribbean small states,CSS,1962,4353408,32.05786052
Central Europe and the Baltics,CEB,1962,93014890,45.8665647
East Asia & Pacific (all income levels),EAS,1962,1059972418,23.65114533
East Asia & Pacific (developing only),EAP,1962,907395358,17.86273603
Euro area,EMU,1962,270324828,63.0685782
Europe & Central Asia (all income levels),ECS,1962,683114331,56.44986278
Europe & Central Asia (developing only),ECA,1962,161168870,39.45312697
European Union,EUU,1962,416670637,62.12602785
Fragile and conflict affected situations,FCS,1962,126006115,18.90754076
Heavily indebted poor countries (HIPC),HPC,1962,170332701,12.94174489
High income,HIC,1962,933025406,63.81282869
High income: nonOECD,NOC,1962,192729589,57.83840539
High income: OECD,OEC,1962,740295817,65.2758986
Latin America & Caribbean (all income levels),LCN,1962,233183206,50.87269514
Latin America & Caribbean (developing only),LAC,1962,188416186,46.56671496
Least developed countries: UN classification,LDC,1962,252585904,10.12944635
Low & middle income,LMY,1962,2195966846,22.21795504
Low income,LIC,1962,164180179,12.05842281
Lower middle income,LMC,1962,986301567,20.30878851
Middle East & North Africa (all income levels),MEA,1962,111418951,36.47676801
Middle East & North Africa (developing only),MNA,1962,103183668,35.31788397
Middle income,MIC,1962,2031786667,23.03930615
North America,NAC,1962,205198600,70.73978371
OECD members,OED,1962,809855392,63.46448957
Other small states,OSS,1962,6853517,15.26052673
Pacific island small states,PSS,1962,919276,22.9133753
Small states,SST,1962,12126201,21.87106596
South Asia,SAS,1962,596701125,17.05441032
Sub-Saharan Africa (all income levels),SSF,1962,239403621,15.26036203
Sub-Saharan Africa (developing only),SSA,1962,239101639,15.24584821
Upper middle income,UMC,1962,1045485100,25.61265674
World,WLD,1962,3128992252,34.51782046
Afghanistan,AFG,1962,9343772,8.805
Albania,ALB,1962,1711319,31.015
Algeria,DZA,1962,11690152,33.214
American Samoa,ASM,1962,21118,67.068
Andorra,ADO,1962,15376,63.462
Angola,AGO,1962,5465905,11.204
Antigua and Barbuda,ATG,1962,56311,38.427
Argentina,ARG,1962,21287682,74.767
Armenia,ARM,1962,2002170,53.019
Aruba,ABW,1962,56226,50.746
Australia,AUS,1962,10742000,82.337
Austria,AUT,1962,7129864,64.863
Azerbaijan,AZE,1962,4167558,52.064
"Bahamas, The",BHS,1962,121083,61.193
Bahrain,BHR,1962,173107,82.355
Bangladesh,BGD,1962,51030604,5.498
Barbados,BRB,1962,232584,36.922
Belarus,BLR,1962,8351928,34.663
Belgium,BEL,1962,9220578,92.679
Belize,BLZ,1962,97389,53.41
Benin,BEN,1962,2503232,10.47
Bermuda,BMU,1962,46600,100
Bhutan,BTN,1962,234703,3.999
Bolivia,BOL,1962,3838096,37.357
Bosnia and Herzegovina,BIH,1962,3341809,20.437
Botswana,BWA,1962,549990,3.134
Brazil,BRA,1962,77007549,48.099
Brunei Darussalam,BRN,1962,89603,47.07
Bulgaria,BGR,1962,8012946,40.494
Burkina Faso,BFA,1962,4960325,4.893
Burundi,BDI,1962,2894510,2.154
Cabo Verde,CPV,1962,210866,17.224
Cambodia,KHM,1962,6026696,10.333
Cameroon,CMR,1962,5593768,15.058
Canada,CAN,1962,18614000,70.494
Cayman Islands,CYM,1962,8142,100
Central African Republic,CAF,1962,1556656,21.418
Chad,TCD,1962,3122357,7.239
Channel Islands,CHI,1962,111463,38.172
Chile,CHL,1962,8054166,69.435
China,CHN,1962,665770000,17.226
Colombia,COL,1962,17500166,47.628
Comoros,COM,1962,194960,14.189
"Congo, Dem. Rep.",ZAR,1962,16041247,22.749
"Congo, Rep.",COG,1962,1067611,33.045
Costa Rica,CRI,1962,1432583,34.404
Cote d'Ivoire,CIV,1962,3740503,20.21
Croatia,HRV,1962,4202104,32.001
Cuba,CUB,1962,7450404,58.776
Curacao,CUW,1962,128414,75.49
Cyprus,CYP,1962,577691,36.674
Czech Republic,CZE,1962,9624660,60.555
Denmark,DNK,1962,4647727,75.093
Djibouti,DJI,1962,94200,52.619
Dominica,DMA,1962,61984,37.979
Dominican Republic,DOM,1962,3521276,32.094
Ecuador,ECU,1962,4812892,35.06
"Egypt, Arab Rep.",EGY,1962,28560741,38.624
El Salvador,SLV,1962,2927861,38.614
Equatorial Guinea,GNQ,1962,257940,26.234
Eritrea,ERI,1962,1476321,10.377
Estonia,EST,1962,1241623,59.072
Ethiopia,ETH,1962,23221331,6.874
Faeroe Islands,FRO,1962,35153,22.962
Fiji,FJI,1962,421576,30.823
Finland,FIN,1962,4491443,57.162
France,FRA,1962,48119649,63.489
French Polynesia,PYF,1962,83654,44.16
Gabon,GAB,1962,509806,19.594
"Gambia, The",GMB,1962,383525,12.535
Georgia,GEO,1962,3760300,44.051
Germany,DEU,1962,74025784,71.762
Ghana,GHA,1962,7085463,24.352
Greece,GRC,1962,8448233,57.34
Greenland,GRL,1962,35000,61.406
Grenada,GRD,1962,92424,30.707
Guam,GUM,1962,69607,52.314
Guatemala,GTM,1962,4356579,32.424
Guinea,GIN,1962,3690960,11.418
Guinea-Bissau,GNB,1962,629973,13.895
Guyana,GUY,1962,600559,29.089
Haiti,HTI,1962,4022596,16.365
Honduras,HND,1962,2139208,23.9
"Hong Kong SAR, China",HKG,1962,3305200,85.582
Hungary,HUN,1962,10061734,56.758
Iceland,ISL,1962,182378,81.297
India,IND,1962,468054145,18.218
Indonesia,IDN,1962,92558006,15.058
"Iran, Islamic Rep.",IRN,1962,23071426,35.051
Iraq,IRQ,1962,7674220,45.978
Ireland,IRL,1962,2836050,46.856
Isle of Man,IMY,1962,48580,55.586
Israel,ISR,1962,2293000,78.754
Italy,ITA,1962,50879450,60.355
Jamaica,JAM,1962,1678467,35.239
Japan,JPN,1962,95832000,65.144
Jordan,JOR,1962,943090,53.215
Kazakhstan,KAZ,1962,10532062,45.296
Kenya,KEN,1962,8628973,7.774
Kiribati,KIR,1962,43312,17.566
"Korea, Dem. Rep.",PRK,1962,11871720,42.136
"Korea, Rep.",KOR,1962,26513030,29.461
Kuwait,KWT,1962,335161,76.66
Kyrgyz Republic,KGZ,1962,2333400,34.844
Lao PDR,LAO,1962,2219964,8.095
Latvia,LVA,1962,2181586,54.459
Lebanon,LBN,1962,1925276,45.752
Lesotho,LSO,1962,881910,4.464
Liberia,LBR,1962,1170267,19.969
Libya,LBY,1962,1536196,29.089
Liechtenstein,LIE,1962,17298,20.102
Lithuania,LTU,1962,2863350,41.435
Luxembourg,LUX,1962,320750,70.443
"Macao SAR, China",MAC,1962,181025,95.556
"Macedonia, FYR",MKD,1962,1527105,36.473
Madagascar,MDG,1962,5352674,11.309
Malawi,MWI,1962,3784444,4.59
Malaysia,MYS,1962,8710678,27.895
Maldives,MDV,1962,94909,11.288
Mali,MLI,1962,5381369,11.662
Malta,MLT,1962,323900,90.008
Marshall Islands,MHL,1962,15545,38.358
Mauritania,MRT,1962,909172,8.031
Mauritius,MUS,1962,700349,34.103
Mexico,MEX,1962,40649590,52.428
"Micronesia, Fed. Sts.",FSM,1962,47387,22.797
Moldova,MDA,1962,2664000,25.027
Monaco,MCO,1962,23042,100
Mongolia,MNG,1962,1011328,39.73
Montenegro,MNE,1962,486092,20.237
Morocco,MAR,1962,13100843,30.345
Mozambique,MOZ,1962,7799396,5.144
Myanmar,MMR,1962,22446690,19.91
Namibia,NAM,1962,632658,18.748
Nepal,NPL,1962,10377061,3.612
Netherlands,NLD,1962,11805689,60.204
New Caledonia,NCL,1962,83400,40.224
New Zealand,NZL,1962,2482000,77.133
Nicaragua,NIC,1962,1886560,40.481
Niger,NER,1962,3596613,6
Nigeria,NGA,1962,47117859,15.858
Northern Mariana Islands,MNP,1962,10541,54.26
Norway,NOR,1962,3638918,52.653
Oman,OMN,1962,578825,18.607
Pakistan,PAK,1962,47122931,22.751
Palau,PLW,1962,10150,57.405
Panama,PAN,1962,1202372,42.494
Papua New Guinea,PNG,1962,2037165,4.347
Paraguay,PRY,1962,2005337,35.771
Peru,PER,1962,10650672,48.514
Philippines,PHL,1962,28081234,30.816
Poland,POL,1962,30308500,48.926
Portugal,PRT,1962,8993985,35.722
Puerto Rico,PRI,1962,2450322,47.327
Qatar,QAT,1962,56187,86.101
Romania,ROM,1962,18676550,35.586
Russian Federation,RUS,1962,122591000,55.518
Rwanda,RWA,1962,3050596,2.71
Samoa,WSM,1962,115786,19.061
San Marino,SMR,1962,16197,51.104
Sao Tome and Principe,STP,1962,64429,17.969
Saudi Arabia,SAU,1962,4362863,33.518
Senegal,SEN,1962,3356421,24.303
Seychelles,SYC,1962,44042,29.786
Sierra Leone,SLE,1962,2239581,18.467
Singapore,SGP,1962,1750200,100
Slovak Republic,SVK,1962,4238188,34.714
Slovenia,SVN,1962,1603649,29.934
Solomon Islands,SLB,1962,125068,6.321
Somalia,SOM,1962,2874944,18.372
South Africa,ZAF,1962,18459442,46.906
South Sudan,SSD,1962,3069990,8.725
Spain,ESP,1962,31023366,58.308
Sri Lanka,LKA,1962,10443000,16.753
St. Kitts and Nevis,KNA,1962,50966,28.903
St. Lucia,LCA,1962,92086,21.934
St. Vincent and the Grenadines,VCT,1962,83206,26.851
Sudan,SDN,1962,7981797,11.737
Suriname,SUR,1962,306330,47.335
Swaziland,SWZ,1962,365719,4.8
Sweden,SWE,1962,7561588,74.271
Switzerland,CHE,1962,5573815,52.309
Syrian Arab Republic,SYR,1962,4897428,38.044
Tajikistan,TJK,1962,2223956,33.955
Tanzania,TZA,1962,10683888,5.547
Thailand,THA,1962,29081037,19.89
Timor-Leste,TMP,1962,517446,10.511
Togo,TGO,1962,1612758,11.844
Tonga,TON,1962,66255,18.312
Trinidad and Tobago,TTO,1962,880019,16.093
Tunisia,TUN,1962,4350811,38.391
Turkey,TUR,1962,28909985,32.598
Turkmenistan,TKM,1962,1708711,46.702
Turks and Caicos Islands,TCA,1962,5762,48.364
Tuvalu,TUV,1962,6391,17.008
Uganda,UGA,1962,7240155,4.826
Ukraine,UKR,1962,43749469,48.294
United Arab Emirates,ARE,1962,112240,75.248
United Kingdom,GBR,1962,53250000,78.237
United States,USA,1962,186538000,70.757
Uruguay,URY,1962,2603887,80.681
Uzbekistan,UZB,1962,9319510,34.5
Vanuatu,VUT,1962,67806,10.765
"Venezuela, RB",VEN,1962,8790590,63.933
Vietnam,VNM,1962,36123000,15.369
Virgin Islands (U.S.),VIR,1962,36300,59.241
"Yemen, Rep.",YEM,1962,5339285,9.831
Zambia,ZMB,1962,3240664,19.785
Zimbabwe,ZWE,1962,4006262,13.082
Arab World,ARB,1963,100438281,33.55588082
Caribbean small states,CSS,1963,4435830,32.31394191
Central Europe and the Baltics,CEB,1963,93845749,46.53409277
East Asia & Pacific (all income levels),EAS,1963,1085447747,24.11795844
East Asia & Pacific (developing only),EAP,1963,930292410,18.3360098
Euro area,EMU,1963,272876446,63.62960675
Europe & Central Asia (all income levels),ECS,1963,691101825,57.01083924
Europe & Central Asia (developing only),ECA,1963,164093090,40.14575374
European Union,EUU,1963,420393292,62.61936312
Fragile and conflict affected situations,FCS,1963,129005734,19.44629572
Heavily indebted poor countries (HIPC),HPC,1963,174484508,13.31609514
High income,HIC,1963,945017907,64.39361107
High income: nonOECD,NOC,1963,195817810,58.70222341
High income: OECD,OEC,1963,749200097,65.79113185
Latin America & Caribbean (all income levels),LCN,1963,239771182,51.67447278
Latin America & Caribbean (developing only),LAC,1963,194035506,47.43703831
Least developed countries: UN classification,LDC,1963,258670231,10.41093273
Low & middle income,LMY,1963,2248870171,22.66760675
Low income,LIC,1963,167835124,12.35340666
Lower middle income,LMC,1963,1008923908,20.57800115
Middle East & North Africa (all income levels),MEA,1963,114525072,37.25598151
Middle East & North Africa (developing only),MNA,1963,105966779,36.04530945
Middle income,MIC,1963,2081035047,23.49985395
North America,NAC,1963,208253700,71.15636541
OECD members,OED,1963,820737024,63.97348466
Other small states,OSS,1963,6988545,15.81028776
Pacific island small states,PSS,1963,949878,23.35654131
Small states,SST,1963,12374253,22.30566363
South Asia,SAS,1963,609571502,17.24366117
Sub-Saharan Africa (all income levels),SSF,1963,245217050,15.58546288
Sub-Saharan Africa (developing only),SSA,1963,244910884,15.57119973
Upper middle income,UMC,1963,1072111139,26.24671564
World,WLD,1963,3193888078,34.90813567
Afghanistan,AFG,1963,9531555,9.11
Albania,ALB,1963,1762621,31.086
Algeria,DZA,1963,11985130,34.662
American Samoa,ASM,1963,21883,67.493
Andorra,ADO,1963,16410,65.872
Angola,AGO,1963,5565808,11.624
Antigua and Barbuda,ATG,1963,57368,37.817
Argentina,ARG,1963,21621845,75.309
Armenia,ARM,1963,2070427,53.889
Aruba,ABW,1963,56697,50.73
Australia,AUS,1963,10950000,82.727
Austria,AUT,1963,7175811,64.913
Azerbaijan,AZE,1963,4307315,51.764
"Bahamas, The",BHS,1963,127331,61.926
Bahrain,BHR,1963,178048,82.372
Bangladesh,BGD,1963,52532595,5.727
Barbados,BRB,1963,233587,36.995
Belarus,BLR,1963,8437232,35.822
Belgium,BEL,1963,9289770,92.835
Belize,BLZ,1963,100166,53.101
Benin,BEN,1963,2543335,11.118
Bermuda,BMU,1963,47700,100
Bhutan,BTN,1963,240364,4.217
Bolivia,BOL,1963,3913397,37.656
Bosnia and Herzegovina,BIH,1963,3406466,21.209
Botswana,BWA,1963,564316,3.171
Brazil,BRA,1963,79368453,49.078
Brunei Darussalam,BRN,1963,93650,48.92
Bulgaria,BGR,1963,8078145,42.23
Burkina Faso,BFA,1963,5027818,4.993
Burundi,BDI,1963,2950903,2.193
Cabo Verde,CPV,1963,216913,17.503
Cambodia,KHM,1963,6181137,10.497
Cameroon,CMR,1963,5719135,15.647
Canada,CAN,1963,18964000,71.307
Cayman Islands,CYM,1963,8228,100
Central African Republic,CAF,1963,1585765,22.1
Chad,TCD,1963,3184775,7.527
Channel Islands,CHI,1963,112595,37.909
Chile,CHL,1963,8237555,70.2
China,CHN,1963,682335000,17.757
Colombia,COL,1963,18033548,48.932
Comoros,COM,1963,198205,15.074
"Congo, Dem. Rep.",ZAR,1963,16461914,22.976
"Congo, Rep.",COG,1963,1096502,33.78
Costa Rica,CRI,1963,1484512,34.606
Cote d'Ivoire,CIV,1963,3889859,21.575
Croatia,HRV,1963,4231408,32.979
Cuba,CUB,1963,7618359,58.963
Curacao,CUW,1963,130860,75.875
Cyprus,CYP,1963,577912,37.176
Czech Republic,CZE,1963,9670685,61.044
Denmark,DNK,1963,4684483,75.757
Djibouti,DJI,1963,100622,53.787
Dominica,DMA,1963,62920,38.046
Dominican Republic,DOM,1963,3638628,33.061
Ecuador,ECU,1963,4953735,35.606
"Egypt, Arab Rep.",EGY,1963,29322709,38.977
El Salvador,SLV,1963,3015885,38.712
Equatorial Guinea,GNQ,1963,260990,26.323
Eritrea,ERI,1963,1512671,10.703
Estonia,EST,1963,1258857,59.836
Ethiopia,ETH,1963,23798378,7.104
Faeroe Islands,FRO,1963,35550,23.805
Fiji,FJI,1963,436208,31.403
Finland,FIN,1963,4523309,57.998
France,FRA,1963,48803680,64.702
French Polynesia,PYF,1963,86839,45.389
Gabon,GAB,1963,516270,20.923
"Gambia, The",GMB,1963,389070,12.862
Georgia,GEO,1963,3816100,44.544
Germany,DEU,1963,74714353,71.826
Ghana,GHA,1963,7303432,24.915
Greece,GRC,1963,8479625,58.222
Greenland,GRL,1963,36400,62.983
Grenada,GRD,1963,93354,30.895
Guam,GUM,1963,71289,53.396
Guatemala,GTM,1963,4476923,33.086
Guinea,GIN,1963,3749920,11.919
Guinea-Bissau,GNB,1963,636593,14.045
Guyana,GUY,1963,618887,29.129
Haiti,HTI,1963,4103732,16.762
Honduras,HND,1963,2211144,24.491
"Hong Kong SAR, China",HKG,1963,3420900,85.867
Hungary,HUN,1963,10087947,57.181
Iceland,ISL,1963,185653,81.781
India,IND,1963,477729958,18.405
Indonesia,IDN,1963,95055669,15.299
"Iran, Islamic Rep.",IRN,1963,23680433,35.718
Iraq,IRQ,1963,7888914,47.532
Ireland,IRL,1963,2852650,47.473
Isle of Man,IMY,1963,49089,55.826
Israel,ISR,1963,2379000,79.502
Italy,ITA,1963,51252000,60.853
Jamaica,JAM,1963,1707019,35.985
Japan,JPN,1963,96812000,66.064
Jordan,JOR,1963,999392,53.565
Kazakhstan,KAZ,1963,10913552,45.847
Kenya,KEN,1963,8908425,8.038
Kiribati,KIR,1963,44372,18.233
"Korea, Dem. Rep.",PRK,1963,12065470,43.116
"Korea, Rep.",KOR,1963,27261747,30.407
Kuwait,KWT,1963,381665,77.511
Kyrgyz Republic,KGZ,1963,2413700,35.178
Lao PDR,LAO,1963,2272078,8.17
Latvia,LVA,1963,2210919,55.253
Lebanon,LBN,1963,1984982,47.475
Lesotho,LSO,1963,898342,5.029
Liberia,LBR,1963,1196588,20.664
Libya,LBY,1963,1592111,29.998
Liechtenstein,LIE,1963,17722,19.89
Lithuania,LTU,1963,2898950,42.434
Luxembourg,LUX,1963,324100,70.953
"Macao SAR, China",MAC,1963,188703,95.773
"Macedonia, FYR",MKD,1963,1547445,37.75
Madagascar,MDG,1963,5486593,11.657
Malawi,MWI,1963,3872124,4.694
Malaysia,MYS,1963,8999247,28.558
Maldives,MDV,1963,97556,11.345
Mali,MLI,1963,5441611,11.97
Malta,MLT,1963,322550,89.948
Marshall Islands,MHL,1963,16111,39.776
Mauritania,MRT,1963,936014,8.671
Mauritius,MUS,1963,718861,35.056
Mexico,MEX,1963,41939880,53.265
"Micronesia, Fed. Sts.",FSM,1963,48875,23.042
Moldova,MDA,1963,2721000,25.856
Monaco,MCO,1963,23169,100
Mongolia,MNG,1963,1042383,41.056
Montenegro,MNE,1963,491491,20.993
Morocco,MAR,1963,13488517,30.846
Mozambique,MOZ,1963,7961458,5.345
Myanmar,MMR,1963,22947286,20.259
Namibia,NAM,1963,648668,19.17
Nepal,NPL,1963,10544586,3.653
Netherlands,NLD,1963,11965966,60.387
New Caledonia,NCL,1963,85700,41.684
New Zealand,NZL,1963,2531800,77.73
Nicaragua,NIC,1963,1943591,41.005
Niger,NER,1963,3703159,6.259
Nigeria,NGA,1963,48128460,16.087
Northern Mariana Islands,MNP,1963,10709,55.771
Norway,NOR,1963,3666537,54.302
Oman,OMN,1963,593504,19.794
Pakistan,PAK,1963,48312888,23.002
Palau,PLW,1963,10381,57.696
Panama,PAN,1963,1238824,43.137
Papua New Guinea,PNG,1963,2075630,4.694
Paraguay,PRY,1963,2058916,35.916
Peru,PER,1963,10961539,49.632
Philippines,PHL,1963,29016770,31.077
Poland,POL,1963,30712000,49.326
Portugal,PRT,1963,9030355,36.101
Puerto Rico,PRI,1963,2504530,48.724
Qatar,QAT,1963,61647,86.5
Romania,ROM,1963,18797850,36.284
Russian Federation,RUS,1963,123960000,56.408
Rwanda,RWA,1963,3102968,2.766
Samoa,WSM,1963,119564,19.141
San Marino,SMR,1963,16616,52.206
Sao Tome and Principe,STP,1963,64181,19.194
Saudi Arabia,SAU,1963,4516663,35.011
Senegal,SEN,1963,3450418,24.973
Seychelles,SYC,1963,45176,30.877
Sierra Leone,SLE,1963,2269890,19.06
Singapore,SGP,1963,1795000,100
Slovak Republic,SVK,1963,4282017,35.483
Slovenia,SVN,1963,1616971,30.776
Solomon Islands,SLB,1963,128863,6.616
Somalia,SOM,1963,2937360,18.92
South Africa,ZAF,1963,18936138,47.02
South Sudan,SSD,1963,3131686,8.714
Spain,ESP,1963,31296651,59.306
Sri Lanka,LKA,1963,10582000,16.916
St. Kitts and Nevis,KNA,1963,50533,29.545
St. Lucia,LCA,1963,93397,22.174
St. Vincent and the Grenadines,VCT,1963,84167,27.314
Sudan,SDN,1963,8223613,12.262
Suriname,SUR,1963,314530,47.372
Swaziland,SWZ,1963,373991,5.312
Sweden,SWE,1963,7604328,75.223
Switzerland,CHE,1963,5694247,52.946
Syrian Arab Republic,SYR,1963,5057825,38.694
Tajikistan,TJK,1963,2312193,34.351
Tanzania,TZA,1963,11005882,5.704
Thailand,THA,1963,29967043,20
Timor-Leste,TMP,1963,526936,10.785
Togo,TGO,1963,1631763,12.811
Tonga,TON,1963,69000,18.701
Trinidad and Tobago,TTO,1963,892571,15.493
Tunisia,TUN,1963,4436643,38.833
Turkey,TUR,1963,29597047,33.137
Turkmenistan,TKM,1963,1769008,46.848
Turks and Caicos Islands,TCA,1963,5741,48.706
Tuvalu,TUV,1963,6542,17.587
Uganda,UGA,1963,7487411,5.045
Ukraine,UKR,1963,44285897,49.046
United Arab Emirates,ARE,1963,125216,76.093
United Kingdom,GBR,1963,53650000,78.099
United States,USA,1963,189242000,71.134
Uruguay,URY,1963,2635128,80.899
Uzbekistan,UZB,1963,9611601,34.762
Vanuatu,VUT,1963,69962,10.95
"Venezuela, RB",VEN,1963,9130346,64.977
Vietnam,VNM,1963,36836000,15.714
Virgin Islands (U.S.),VIR,1963,38700,60.604
"Yemen, Rep.",YEM,1963,5429501,10.216
Zambia,ZMB,1963,3342894,20.712
Zimbabwe,ZWE,1963,4140804,13.578
Arab World,ARB,1964,103273929,34.35843171
Caribbean small states,CSS,1964,4514432,32.58061737
Central Europe and the Baltics,CEB,1964,94722599,47.20874298
East Asia & Pacific (all income levels),EAS,1964,1110558625,24.59519326
East Asia & Pacific (developing only),EAP,1964,952838633,18.81778022
Euro area,EMU,1964,275382199,64.1893356
Europe & Central Asia (all income levels),ECS,1964,698998988,57.57105308
Europe & Central Asia (developing only),ECA,1964,166977242,40.83749156
European Union,EUU,1964,424075860,63.10996878
Fragile and conflict affected situations,FCS,1964,132146798,20.00177797
Heavily indebted poor countries (HIPC),HPC,1964,178802599,13.71359851
High income,HIC,1964,956921525,64.97370884
High income: nonOECD,NOC,1964,198896794,59.56713769
High income: OECD,OEC,1964,758024731,66.30489764
Latin America & Caribbean (all income levels),LCN,1964,246458356,52.48199099
Latin America & Caribbean (developing only),LAC,1964,199754929,48.3138317
Least developed countries: UN classification,LDC,1964,265039360,10.70686898
Low & middle income,LMY,1964,2302381215,23.1245703
Low income,LIC,1964,171657780,12.66062592
Lower middle income,LMC,1964,1032387068,20.8515832
Middle East & North Africa (all income levels),MEA,1964,117734910,38.06153643
Middle East & North Africa (developing only),MNA,1964,108832515,36.78224805
Middle income,MIC,1964,2130723435,23.96799419
North America,NAC,1964,211262900,71.56938765
OECD members,OED,1964,831581967,64.48145627
Other small states,OSS,1964,7129954,16.41666899
Pacific island small states,PSS,1964,980370,23.80116438
Small states,SST,1964,12624756,22.77010533
South Asia,SAS,1964,623073110,17.43888393
Sub-Saharan Africa (all income levels),SSF,1964,251215851,15.92128615
Sub-Saharan Africa (developing only),SSA,1964,250904786,15.907249
